Rank,Player,type,action,MIN,FGM/FGA,FG%,FTM/FTA,FT%,3PM,REB,AST,STL,BLK,PTS
1,Victor WembanyamaOSAC,,,33.4,9.2/18.8,0.491,4.8/5.8,0.82,2.1,12.0,4.4,1.8,4.3,25.4
2,Nikola JokicDenC,,,35.1,10.4/17.7,0.59,4.7/5.8,0.817,1.0,12.7,9.2,1.4,0.8,26.7
3,Luka DoncicLALPG,,,37.0,11.2/23.1,0.486,6.9/8.9,0.772,3.7,9.1,9.3,1.4,0.5,33.1
4,Shai Gilgeous-AlexanderOKCPG,,,34.8,11.2/21.1,0.532,8.1/9.3,0.875,1.4,5.6,6.8,2.0,0.9,32.0
5,"Anthony DavisDalC, PF",,,35.9,9.6/17.2,0.556,5.7/7.0,0.808,0.4,12.7,3.4,1.2,2.3,25.2
6,"Jayson TatumBosPF, SF",,,36.0,9.2/19.7,0.468,5.9/7.0,0.84,3.1,8.2,4.8,1.0,0.6,27.5
7,"Anthony EdwardsMinSG, SF",,,36.8,10.0/21.7,0.459,5.8/7.1,0.818,2.8,5.7,5.1,1.4,0.6,28.6
8,"James HardenLACPG, SG",,,34.7,5.2/12.0,0.431,4.5/5.1,0.877,2.6,5.3,8.9,1.1,0.7,17.4
9,"Tyrese HaliburtonIndPG, SG",,,34.8,7.7/16.1,0.479,3.0/3.5,0.857,3.0,4.2,11.5,1.4,0.7,21.4
10,Stephen CurryGSPG,,,32.4,8.7/19.1,0.456,4.1/4.4,0.921,4.7,4.7,5.3,0.8,0.4,26.2
11,Trae YoungAtlPG,,,36.2,8.4/19.3,0.434,7.0/8.0,0.87,3.0,3.0,10.7,1.3,0.2,26.7
12,"Scottie BarnesTorSF, SG, PF",,,36.3,7.5/15.8,0.473,3.2/4.1,0.777,1.6,8.3,6.0,1.3,1.4,19.7
13,"Karl-Anthony TownsNYC, PF",,,34.9,8.3/16.4,0.506,4.5/5.2,0.865,2.3,10.7,3.5,0.8,1.2,23.4
14,"Giannis AntetokounmpoMilPF, C",,,35.4,11.6/19.5,0.595,7.5/11.4,0.66,0.6,11.9,6.5,1.1,1.1,31.3
15,"Domantas SabonisSacC, PF",,,36.1,7.7/13.0,0.595,3.7/5.2,0.714,0.4,13.6,8.0,0.9,0.6,19.6
16,"Cade CunninghamDetPG, SG",,,34.9,9.1/19.9,0.455,3.9/4.4,0.893,2.3,5.2,7.8,1.0,0.4,24.4
17,"Donovan MitchellCleSG, PG",,,36.1,9.6/20.5,0.466,4.9/5.7,0.867,3.5,4.9,5.7,1.7,0.5,27.5
18,LaMelo BallOChaPG,,,34.3,8.0/18.8,0.428,3.4/3.9,0.868,3.3,6.5,8.2,1.7,0.3,22.7
19,"LeBron JamesLALSF, PF",,,35.2,9.8/18.4,0.533,4.3/5.7,0.752,2.1,7.4,8.0,1.2,0.6,26.0
20,Damian LillardOMilPG,,,35.6,7.8/18.1,0.431,6.9/7.5,0.916,3.2,4.4,7.0,0.9,0.3,25.7
21,De'Aaron FoxOSAPG,,,36.2,9.8/20.7,0.472,4.4/5.9,0.744,2.6,4.6,5.8,1.9,0.4,26.6
22,"Jaren Jackson Jr.MemC, PF",,,30.9,7.3/16.2,0.452,4.7/5.8,0.805,1.7,5.8,1.9,1.1,1.9,21.0
23,"Jalen WilliamsOKCPF, SF, C",,,33.2,7.6/14.2,0.537,2.6/3.2,0.817,1.5,4.3,4.6,1.3,0.8,19.3
24,Jalen JohnsonOAtlPF,,,34.9,6.6/12.9,0.511,2.0/2.7,0.725,1.3,9.0,3.7,1.2,0.9,16.4
25,Walker KesslerOUtahC,,,24.5,3.9/5.8,0.675,1.0/1.8,0.563,0.0,8.3,1.0,0.5,2.5,8.9
26,Myles TurnerIndC,,,28.1,6.4/12.1,0.527,3.3/4.2,0.775,1.6,7.2,1.3,0.5,2.0,17.6
27,"Kyrie IrvingODalPG, SG",,,34.5,9.5/19.2,0.496,3.3/3.6,0.909,2.9,4.9,5.1,1.2,0.5,25.2
28,Jalen BrunsonNYPG,,,35.8,10.2/21.2,0.48,5.4/6.4,0.846,2.7,3.7,6.7,0.9,0.2,28.4
29,"Derrick WhiteBosSG, PG",,,31.3,5.0/10.9,0.457,2.0/2.2,0.891,2.4,4.0,4.9,0.9,0.9,14.3
30,Ja MorantOMemPG,,,36.2,10.8/22.5,0.478,6.5/8.6,0.756,1.7,6.4,8.4,1.2,0.4,29.7
31,Kevin DurantOPhxPF,,,36.5,9.8/18.8,0.524,4.8/5.6,0.859,2.2,6.5,5.0,0.9,1.2,26.7
32,"Devin BookerOPhxPG, SG",,,36.6,10.0/20.3,0.491,6.3/7.1,0.883,2.4,4.6,6.5,0.9,0.4,28.6
33,"Tyrese MaxeyOPhiPG, SG",,,36.6,8.8/19.4,0.452,4.4/5.1,0.866,2.9,3.6,5.9,1.0,0.4,24.9
34,Nikola VucevicChiC,,,34.1,7.6/15.5,0.49,1.4/1.7,0.82,1.3,10.7,3.3,0.7,0.8,17.9
35,"Bam AdebayoMiaC, PF",,,34.9,7.8/14.7,0.528,4.3/5.6,0.764,0.2,10.4,3.8,1.2,1.2,20.0
36,Alperen SengunHouC,,,33.7,8.0/15.0,0.536,3.8/5.5,0.697,0.5,9.8,4.9,1.2,0.9,20.4
37,"Evan MobleyDTDClePF, C",,,32.0,6.4/11.4,0.563,2.5/3.6,0.698,0.4,9.1,3.0,0.9,1.5,15.7
38,"Brandon MillerOChaSF, SG",,,34.0,7.8/17.2,0.451,2.4/2.9,0.835,3.2,4.5,2.5,0.9,0.6,21.2
39,"Paul GeorgeOPhiSF, PF",,,33.1,7.7/16.6,0.466,3.7/4.1,0.895,3.1,5.3,3.8,1.5,0.5,22.2
40,Fred VanVleetHouPG,,,32.9,5.4/13.1,0.409,2.6/3.0,0.869,2.8,3.5,6.9,1.3,0.4,16.1
41,"Jaylen BrownBosSF, SG",,,34.0,9.2/18.5,0.495,3.2/4.5,0.721,2.2,5.8,3.5,1.2,0.5,23.8
42,"Kristaps PorzingisDTDBosC, PF",,,30.3,7.0/13.9,0.506,4.8/5.6,0.855,1.9,7.5,2.2,0.8,1.8,20.8
43,Brook LopezMilC,,,29.7,4.9/9.8,0.496,1.5/1.8,0.808,1.8,5.4,1.5,0.5,2.3,13.0
44,Jamal MurrayDenPG,,,32.3,7.9/16.7,0.473,2.7/3.2,0.846,2.5,4.1,6.5,1.0,0.5,21.0
45,"Dejounte MurrayONOSG, PG",,,33.6,7.6/16.6,0.46,2.1/2.6,0.798,2.1,5.2,6.2,1.4,0.3,19.4
46,Rudy GobertMinC,,,33.2,5.3/8.0,0.666,3.4/5.2,0.644,0.0,12.8,1.3,0.7,2.0,14.0
47,"Paolo BancheroOrlPF, SF",,,35.9,8.5/18.7,0.457,5.8/7.9,0.737,1.7,7.1,5.3,0.9,0.8,24.6
48,Darius GarlandOClePG,,,34.1,7.0/15.4,0.452,3.0/3.5,0.847,2.4,2.7,7.1,1.3,0.1,19.3
49,Joel EmbiidOPhiC,,,34.4,11.3/21.3,0.53,10.2/11.8,0.866,1.3,11.0,5.1,1.1,1.7,34.1
50,"Desmond BaneMemSG, SF",,,34.9,8.6/18.3,0.467,3.2/3.7,0.878,3.3,4.8,5.1,1.1,0.5,23.7
51,Victor WembanyamaOSAC,,,33.4,9.2/18.8,0.491,4.8/5.8,0.82,2.1,12.0,4.4,1.8,4.3,25.4
52,Nikola JokicDenC,,,35.1,10.4/17.7,0.59,4.7/5.8,0.817,1.0,12.7,9.2,1.4,0.8,26.7
53,Luka DoncicLALPG,,,37.0,11.2/23.1,0.486,6.9/8.9,0.772,3.7,9.1,9.3,1.4,0.5,33.1
54,Shai Gilgeous-AlexanderOKCPG,,,34.8,11.2/21.1,0.532,8.1/9.3,0.875,1.4,5.6,6.8,2.0,0.9,32.0
55,"Anthony DavisDalC, PF",,,35.9,9.6/17.2,0.556,5.7/7.0,0.808,0.4,12.7,3.4,1.2,2.3,25.2
56,"Jayson TatumBosPF, SF",,,36.0,9.2/19.7,0.468,5.9/7.0,0.84,3.1,8.2,4.8,1.0,0.6,27.5
57,"Anthony EdwardsMinSG, SF",,,36.8,10.0/21.7,0.459,5.8/7.1,0.818,2.8,5.7,5.1,1.4,0.6,28.6
58,"James HardenLACPG, SG",,,34.7,5.2/12.0,0.431,4.5/5.1,0.877,2.6,5.3,8.9,1.1,0.7,17.4
59,"Tyrese HaliburtonIndPG, SG",,,34.8,7.7/16.1,0.479,3.0/3.5,0.857,3.0,4.2,11.5,1.4,0.7,21.4
60,Stephen CurryGSPG,,,32.4,8.7/19.1,0.456,4.1/4.4,0.921,4.7,4.7,5.3,0.8,0.4,26.2
61,Trae YoungAtlPG,,,36.2,8.4/19.3,0.434,7.0/8.0,0.87,3.0,3.0,10.7,1.3,0.2,26.7
62,"Scottie BarnesTorSF, SG, PF",,,36.3,7.5/15.8,0.473,3.2/4.1,0.777,1.6,8.3,6.0,1.3,1.4,19.7
63,"Karl-Anthony TownsNYC, PF",,,34.9,8.3/16.4,0.506,4.5/5.2,0.865,2.3,10.7,3.5,0.8,1.2,23.4
64,"Giannis AntetokounmpoMilPF, C",,,35.4,11.6/19.5,0.595,7.5/11.4,0.66,0.6,11.9,6.5,1.1,1.1,31.3
65,"Domantas SabonisSacC, PF",,,36.1,7.7/13.0,0.595,3.7/5.2,0.714,0.4,13.6,8.0,0.9,0.6,19.6
66,"Cade CunninghamDetPG, SG",,,34.9,9.1/19.9,0.455,3.9/4.4,0.893,2.3,5.2,7.8,1.0,0.4,24.4
67,"Donovan MitchellCleSG, PG",,,36.1,9.6/20.5,0.466,4.9/5.7,0.867,3.5,4.9,5.7,1.7,0.5,27.5
68,LaMelo BallOChaPG,,,34.3,8.0/18.8,0.428,3.4/3.9,0.868,3.3,6.5,8.2,1.7,0.3,22.7
69,"LeBron JamesLALSF, PF",,,35.2,9.8/18.4,0.533,4.3/5.7,0.752,2.1,7.4,8.0,1.2,0.6,26.0
70,Damian LillardOMilPG,,,35.6,7.8/18.1,0.431,6.9/7.5,0.916,3.2,4.4,7.0,0.9,0.3,25.7
71,De'Aaron FoxOSAPG,,,36.2,9.8/20.7,0.472,4.4/5.9,0.744,2.6,4.6,5.8,1.9,0.4,26.6
72,"Jaren Jackson Jr.MemC, PF",,,30.9,7.3/16.2,0.452,4.7/5.8,0.805,1.7,5.8,1.9,1.1,1.9,21.0
73,"Jalen WilliamsOKCPF, SF, C",,,33.2,7.6/14.2,0.537,2.6/3.2,0.817,1.5,4.3,4.6,1.3,0.8,19.3
74,Jalen JohnsonOAtlPF,,,34.9,6.6/12.9,0.511,2.0/2.7,0.725,1.3,9.0,3.7,1.2,0.9,16.4
75,Walker KesslerOUtahC,,,24.5,3.9/5.8,0.675,1.0/1.8,0.563,0.0,8.3,1.0,0.5,2.5,8.9
76,Myles TurnerIndC,,,28.1,6.4/12.1,0.527,3.3/4.2,0.775,1.6,7.2,1.3,0.5,2.0,17.6
77,"Kyrie IrvingODalPG, SG",,,34.5,9.5/19.2,0.496,3.3/3.6,0.909,2.9,4.9,5.1,1.2,0.5,25.2
78,Jalen BrunsonNYPG,,,35.8,10.2/21.2,0.48,5.4/6.4,0.846,2.7,3.7,6.7,0.9,0.2,28.4
79,"Derrick WhiteBosSG, PG",,,31.3,5.0/10.9,0.457,2.0/2.2,0.891,2.4,4.0,4.9,0.9,0.9,14.3
80,Ja MorantOMemPG,,,36.2,10.8/22.5,0.478,6.5/8.6,0.756,1.7,6.4,8.4,1.2,0.4,29.7
81,Kevin DurantOPhxPF,,,36.5,9.8/18.8,0.524,4.8/5.6,0.859,2.2,6.5,5.0,0.9,1.2,26.7
82,"Devin BookerOPhxPG, SG",,,36.6,10.0/20.3,0.491,6.3/7.1,0.883,2.4,4.6,6.5,0.9,0.4,28.6
83,"Tyrese MaxeyOPhiPG, SG",,,36.6,8.8/19.4,0.452,4.4/5.1,0.866,2.9,3.6,5.9,1.0,0.4,24.9
84,Nikola VucevicChiC,,,34.1,7.6/15.5,0.49,1.4/1.7,0.82,1.3,10.7,3.3,0.7,0.8,17.9
85,"Bam AdebayoMiaC, PF",,,34.9,7.8/14.7,0.528,4.3/5.6,0.764,0.2,10.4,3.8,1.2,1.2,20.0
86,Alperen SengunHouC,,,33.7,8.0/15.0,0.536,3.8/5.5,0.697,0.5,9.8,4.9,1.2,0.9,20.4
87,"Evan MobleyDTDClePF, C",,,32.0,6.4/11.4,0.563,2.5/3.6,0.698,0.4,9.1,3.0,0.9,1.5,15.7
88,"Brandon MillerOChaSF, SG",,,34.0,7.8/17.2,0.451,2.4/2.9,0.835,3.2,4.5,2.5,0.9,0.6,21.2
89,"Paul GeorgeOPhiSF, PF",,,33.1,7.7/16.6,0.466,3.7/4.1,0.895,3.1,5.3,3.8,1.5,0.5,22.2
90,Fred VanVleetHouPG,,,32.9,5.4/13.1,0.409,2.6/3.0,0.869,2.8,3.5,6.9,1.3,0.4,16.1
91,"Jaylen BrownBosSF, SG",,,34.0,9.2/18.5,0.495,3.2/4.5,0.721,2.2,5.8,3.5,1.2,0.5,23.8
92,"Kristaps PorzingisDTDBosC, PF",,,30.3,7.0/13.9,0.506,4.8/5.6,0.855,1.9,7.5,2.2,0.8,1.8,20.8
93,Brook LopezMilC,,,29.7,4.9/9.8,0.496,1.5/1.8,0.808,1.8,5.4,1.5,0.5,2.3,13.0
94,Jamal MurrayDenPG,,,32.3,7.9/16.7,0.473,2.7/3.2,0.846,2.5,4.1,6.5,1.0,0.5,21.0
95,"Dejounte MurrayONOSG, PG",,,33.6,7.6/16.6,0.46,2.1/2.6,0.798,2.1,5.2,6.2,1.4,0.3,19.4
96,Rudy GobertMinC,,,33.2,5.3/8.0,0.666,3.4/5.2,0.644,0.0,12.8,1.3,0.7,2.0,14.0
97,"Paolo BancheroOrlPF, SF",,,35.9,8.5/18.7,0.457,5.8/7.9,0.737,1.7,7.1,5.3,0.9,0.8,24.6
98,Darius GarlandOClePG,,,34.1,7.0/15.4,0.452,3.0/3.5,0.847,2.4,2.7,7.1,1.3,0.1,19.3
99,Joel EmbiidOPhiC,,,34.4,11.3/21.3,0.53,10.2/11.8,0.866,1.3,11.0,5.1,1.1,1.7,34.1
100,"Desmond BaneMemSG, SF",,,34.9,8.6/18.3,0.467,3.2/3.7,0.878,3.3,4.8,5.1,1.1,0.5,23.7
101,Victor WembanyamaOSAC,,,33.4,9.2/18.8,0.491,4.8/5.8,0.82,2.1,12.0,4.4,1.8,4.3,25.4
102,Nikola JokicDenC,,,35.1,10.4/17.7,0.59,4.7/5.8,0.817,1.0,12.7,9.2,1.4,0.8,26.7
103,Luka DoncicLALPG,,,37.0,11.2/23.1,0.486,6.9/8.9,0.772,3.7,9.1,9.3,1.4,0.5,33.1
104,Shai Gilgeous-AlexanderOKCPG,,,34.8,11.2/21.1,0.532,8.1/9.3,0.875,1.4,5.6,6.8,2.0,0.9,32.0
105,"Anthony DavisDalC, PF",,,35.9,9.6/17.2,0.556,5.7/7.0,0.808,0.4,12.7,3.4,1.2,2.3,25.2
106,"Jayson TatumBosPF, SF",,,36.0,9.2/19.7,0.468,5.9/7.0,0.84,3.1,8.2,4.8,1.0,0.6,27.5
107,"Anthony EdwardsMinSG, SF",,,36.8,10.0/21.7,0.459,5.8/7.1,0.818,2.8,5.7,5.1,1.4,0.6,28.6
108,"James HardenLACPG, SG",,,34.7,5.2/12.0,0.431,4.5/5.1,0.877,2.6,5.3,8.9,1.1,0.7,17.4
109,"Tyrese HaliburtonIndPG, SG",,,34.8,7.7/16.1,0.479,3.0/3.5,0.857,3.0,4.2,11.5,1.4,0.7,21.4
110,Stephen CurryGSPG,,,32.4,8.7/19.1,0.456,4.1/4.4,0.921,4.7,4.7,5.3,0.8,0.4,26.2
111,Trae YoungAtlPG,,,36.2,8.4/19.3,0.434,7.0/8.0,0.87,3.0,3.0,10.7,1.3,0.2,26.7
112,"Scottie BarnesTorSF, SG, PF",,,36.3,7.5/15.8,0.473,3.2/4.1,0.777,1.6,8.3,6.0,1.3,1.4,19.7
113,"Karl-Anthony TownsNYC, PF",,,34.9,8.3/16.4,0.506,4.5/5.2,0.865,2.3,10.7,3.5,0.8,1.2,23.4
114,"Giannis AntetokounmpoMilPF, C",,,35.4,11.6/19.5,0.595,7.5/11.4,0.66,0.6,11.9,6.5,1.1,1.1,31.3
115,"Domantas SabonisSacC, PF",,,36.1,7.7/13.0,0.595,3.7/5.2,0.714,0.4,13.6,8.0,0.9,0.6,19.6
116,"Cade CunninghamDetPG, SG",,,34.9,9.1/19.9,0.455,3.9/4.4,0.893,2.3,5.2,7.8,1.0,0.4,24.4
117,"Donovan MitchellCleSG, PG",,,36.1,9.6/20.5,0.466,4.9/5.7,0.867,3.5,4.9,5.7,1.7,0.5,27.5
118,LaMelo BallOChaPG,,,34.3,8.0/18.8,0.428,3.4/3.9,0.868,3.3,6.5,8.2,1.7,0.3,22.7
119,"LeBron JamesLALSF, PF",,,35.2,9.8/18.4,0.533,4.3/5.7,0.752,2.1,7.4,8.0,1.2,0.6,26.0
120,Damian LillardOMilPG,,,35.6,7.8/18.1,0.431,6.9/7.5,0.916,3.2,4.4,7.0,0.9,0.3,25.7
121,De'Aaron FoxOSAPG,,,36.2,9.8/20.7,0.472,4.4/5.9,0.744,2.6,4.6,5.8,1.9,0.4,26.6
122,"Jaren Jackson Jr.MemC, PF",,,30.9,7.3/16.2,0.452,4.7/5.8,0.805,1.7,5.8,1.9,1.1,1.9,21.0
123,"Jalen WilliamsOKCPF, SF, C",,,33.2,7.6/14.2,0.537,2.6/3.2,0.817,1.5,4.3,4.6,1.3,0.8,19.3
124,Jalen JohnsonOAtlPF,,,34.9,6.6/12.9,0.511,2.0/2.7,0.725,1.3,9.0,3.7,1.2,0.9,16.4
125,Walker KesslerOUtahC,,,24.5,3.9/5.8,0.675,1.0/1.8,0.563,0.0,8.3,1.0,0.5,2.5,8.9
126,Myles TurnerIndC,,,28.1,6.4/12.1,0.527,3.3/4.2,0.775,1.6,7.2,1.3,0.5,2.0,17.6
127,"Kyrie IrvingODalPG, SG",,,34.5,9.5/19.2,0.496,3.3/3.6,0.909,2.9,4.9,5.1,1.2,0.5,25.2
128,Jalen BrunsonNYPG,,,35.8,10.2/21.2,0.48,5.4/6.4,0.846,2.7,3.7,6.7,0.9,0.2,28.4
129,"Derrick WhiteBosSG, PG",,,31.3,5.0/10.9,0.457,2.0/2.2,0.891,2.4,4.0,4.9,0.9,0.9,14.3
130,Ja MorantOMemPG,,,36.2,10.8/22.5,0.478,6.5/8.6,0.756,1.7,6.4,8.4,1.2,0.4,29.7
131,Kevin DurantOPhxPF,,,36.5,9.8/18.8,0.524,4.8/5.6,0.859,2.2,6.5,5.0,0.9,1.2,26.7
132,"Devin BookerOPhxPG, SG",,,36.6,10.0/20.3,0.491,6.3/7.1,0.883,2.4,4.6,6.5,0.9,0.4,28.6
133,"Tyrese MaxeyOPhiPG, SG",,,36.6,8.8/19.4,0.452,4.4/5.1,0.866,2.9,3.6,5.9,1.0,0.4,24.9
134,Nikola VucevicChiC,,,34.1,7.6/15.5,0.49,1.4/1.7,0.82,1.3,10.7,3.3,0.7,0.8,17.9
135,"Bam AdebayoMiaC, PF",,,34.9,7.8/14.7,0.528,4.3/5.6,0.764,0.2,10.4,3.8,1.2,1.2,20.0
136,Alperen SengunHouC,,,33.7,8.0/15.0,0.536,3.8/5.5,0.697,0.5,9.8,4.9,1.2,0.9,20.4
137,"Evan MobleyDTDClePF, C",,,32.0,6.4/11.4,0.563,2.5/3.6,0.698,0.4,9.1,3.0,0.9,1.5,15.7
138,"Brandon MillerOChaSF, SG",,,34.0,7.8/17.2,0.451,2.4/2.9,0.835,3.2,4.5,2.5,0.9,0.6,21.2
139,"Paul GeorgeOPhiSF, PF",,,33.1,7.7/16.6,0.466,3.7/4.1,0.895,3.1,5.3,3.8,1.5,0.5,22.2
140,Fred VanVleetHouPG,,,32.9,5.4/13.1,0.409,2.6/3.0,0.869,2.8,3.5,6.9,1.3,0.4,16.1
141,"Jaylen BrownBosSF, SG",,,34.0,9.2/18.5,0.495,3.2/4.5,0.721,2.2,5.8,3.5,1.2,0.5,23.8
142,"Kristaps PorzingisDTDBosC, PF",,,30.3,7.0/13.9,0.506,4.8/5.6,0.855,1.9,7.5,2.2,0.8,1.8,20.8
143,Brook LopezMilC,,,29.7,4.9/9.8,0.496,1.5/1.8,0.808,1.8,5.4,1.5,0.5,2.3,13.0
144,Jamal MurrayDenPG,,,32.3,7.9/16.7,0.473,2.7/3.2,0.846,2.5,4.1,6.5,1.0,0.5,21.0
145,"Dejounte MurrayONOSG, PG",,,33.6,7.6/16.6,0.46,2.1/2.6,0.798,2.1,5.2,6.2,1.4,0.3,19.4
146,Rudy GobertMinC,,,33.2,5.3/8.0,0.666,3.4/5.2,0.644,0.0,12.8,1.3,0.7,2.0,14.0
147,"Paolo BancheroOrlPF, SF",,,35.9,8.5/18.7,0.457,5.8/7.9,0.737,1.7,7.1,5.3,0.9,0.8,24.6
148,Darius GarlandOClePG,,,34.1,7.0/15.4,0.452,3.0/3.5,0.847,2.4,2.7,7.1,1.3,0.1,19.3
149,Joel EmbiidOPhiC,,,34.4,11.3/21.3,0.53,10.2/11.8,0.866,1.3,11.0,5.1,1.1,1.7,34.1
150,"Desmond BaneMemSG, SF",,,34.9,8.6/18.3,0.467,3.2/3.7,0.878,3.3,4.8,5.1,1.1,0.5,23.7
151,"Kentavious Caldwell-PopeOrlSG, SF",,,31.4,3.7/8.1,0.456,1.4/1.6,0.877,1.7,2.6,2.4,1.3,0.5,10.5
152,"Collin SextonUtahSG, PG",,,27.3,6.6/13.6,0.488,4.2/4.9,0.857,1.6,2.7,5.0,0.8,0.2,19.1
153,Bobby PortisMilPF,,,26.0,5.9/11.7,0.503,1.3/1.6,0.786,1.4,8.2,1.3,0.8,0.4,14.4
154,Payton PritchardBosPG,,,21.6,3.5/7.6,0.465,0.6/0.7,0.818,1.8,3.1,3.3,0.5,0.1,9.4
155,Jonathan KumingaGSPF,,,29.6,6.6/12.6,0.528,3.1/4.3,0.733,0.9,5.3,2.4,0.8,0.8,17.3
156,"Scotty Pippen Jr.MemPG, SG",,,21.3,4.0/8.2,0.49,1.7/2.3,0.734,1.2,2.7,3.9,1.5,0.4,10.9
157,Scoot HendersonOPorPG,,,31.8,6.2/15.3,0.404,3.4/4.1,0.826,1.7,3.5,6.1,0.9,0.2,17.4
158,"Malcolm BrogdonOWshPG, SG",,,31.9,6.4/13.9,0.458,3.1/3.6,0.85,2.2,4.8,5.3,0.8,0.3,18.0
159,"Bennedict MathurinIndSF, SG",,,30.3,5.8/13.1,0.445,3.9/4.7,0.824,1.5,4.6,2.2,0.7,0.4,17.1
160,"Shaedon SharpeOPorSG, SF",,,34.4,5.7/13.9,0.412,3.0/3.7,0.82,1.9,5.1,2.9,0.9,0.4,16.4
161,"Zaccharie RisacherAtlSF, PF",,,29.6,5.3/11.9,0.442,1.6/1.9,0.82,0.4,4.9,2.3,0.9,0.7,12.5
162,"Dorian Finney-SmithLALPF, SF",,,29.3,3.2/7.6,0.422,0.6/0.8,0.719,1.8,4.7,1.6,0.9,0.5,8.8
163,"Max StrusCleSF, SG",,,31.1,4.3/10.3,0.419,1.1/1.3,0.812,2.5,4.4,3.4,0.8,0.3,12.2
164,Goga BitadzeOrlC,,,14.9,2.0/3.5,0.584,0.9/1.4,0.653,0.1,4.4,1.2,0.5,1.1,5.1
165,Onyeka OkongwuAtlC,,,25.8,4.2/6.7,0.623,1.8/2.3,0.78,0.3,7.2,1.3,0.6,1.2,10.4
166,Cody MartinPhxSG,,,26.4,2.9/7.1,0.403,0.8/1.3,0.634,0.9,3.9,3.3,1.1,0.6,7.4
167,"Isaiah StewartODetC, PF",,,29.6,3.9/8.2,0.481,1.5/2.0,0.746,1.3,7.2,1.5,0.4,0.8,10.6
168,"Jordan ClarksonOUtahSG, SF",,,30.9,6.3/15.1,0.416,3.2/3.7,0.873,1.8,3.5,4.9,0.6,0.1,17.6
169,"Ben SimmonsLACPG, PF",,,25.2,3.0/5.3,0.569,0.5/1.2,0.426,0.0,7.0,5.9,1.1,0.6,6.6
170,"Rui HachimuraLALPF, SF",,,27.1,5.3/10.1,0.529,1.5/2.0,0.736,1.4,4.5,1.2,0.6,0.4,13.6
171,"Jaime Jaquez Jr.MiaSF, SG",,,32.0,5.9/12.0,0.493,2.7/3.3,0.824,1.3,4.3,3.0,1.2,0.6,15.8
172,Patrick WilliamsChiPF,,,30.6,4.2/9.3,0.446,1.3/1.7,0.795,1.5,4.3,1.7,1.0,0.9,11.2
173,"Kevin HuerterChiSG, SF",,,25.3,4.2/9.2,0.453,0.7/0.9,0.762,2.0,3.4,2.6,0.8,0.3,11.1
174,Jaden McDanielsMinSF,,,30.3,4.4/9.0,0.493,0.9/1.3,0.726,1.3,3.5,1.5,0.9,0.7,11.1
175,Grant WilliamsOChaPF,,,30.4,3.8/8.2,0.458,1.5/1.9,0.774,1.8,4.7,2.3,0.6,0.6,10.8
176,Yves MissiONOC,,,21.9,3.3/6.9,0.482,1.5/2.3,0.673,0.0,5.3,1.1,0.3,1.5,8.2
177,"De'Andre HunterDTDCleSF, PF",,,27.3,4.9/10.6,0.458,2.5/3.0,0.836,1.7,3.6,1.3,0.6,0.3,13.9
179,Wendell Carter Jr.OrlC,,,26.9,4.6/8.7,0.525,1.9/2.7,0.701,1.2,7.7,2.0,0.6,0.5,12.3
180,"Keldon JohnsonSASF, PF",,,29.8,5.8/12.8,0.454,2.6/3.3,0.788,1.9,5.5,2.8,0.7,0.4,16.1
181,"Brandin PodziemskiGSSG, PG",,,29.3,4.1/8.9,0.466,0.8/1.2,0.656,1.4,6.4,4.1,0.9,0.4,10.5
182,"Gradey DickOTorSG, SF",,,29.1,4.4/10.2,0.436,1.0/1.2,0.869,2.1,3.0,1.6,0.8,0.0,12.0
183,"Trayce Jackson-DavisGSPF, C",,,24.7,5.2/7.2,0.72,1.7/2.9,0.569,0.0,7.4,1.8,0.6,1.7,12.0
184,Jonathan IsaacOrlPF,,,15.6,2.5/4.9,0.505,1.0/1.4,0.718,0.7,4.5,0.5,0.8,1.2,6.7
185,"Vince Williams Jr.MemSG, PG",,,26.6,3.1/7.1,0.439,1.8/2.3,0.803,1.4,5.3,3.2,0.9,0.6,9.5
186,"Christian BraunDenSG, SF",,,22.0,2.9/6.2,0.468,1.1/1.6,0.68,0.8,3.9,1.6,0.6,0.4,7.7
188,Julian ChampagnieSASF,,,19.8,2.3/5.6,0.415,1.0/1.2,0.819,1.4,2.9,1.3,0.6,0.5,7.0
189,Malik BeasleyDetSG,,,23.7,3.5/8.2,0.426,0.4/0.5,0.725,2.4,3.0,1.2,0.6,0.1,9.7
190,Gary Trent Jr.MilSG,,,29.5,5.4/12.7,0.426,1.5/1.8,0.81,2.6,2.6,1.7,1.2,0.3,14.8
191,Cason WallaceOKCSG,,,20.7,2.6/5.4,0.483,0.4/0.5,0.789,1.2,2.3,1.5,0.9,0.5,6.8
192,"Matisse ThybullePorSF, SG",,,22.8,2.0/4.8,0.414,0.4/0.5,0.735,1.1,2.2,1.3,1.7,0.8,5.5
193,Andre DrummondOPhiC,,,19.5,3.8/6.7,0.564,1.7/3.0,0.579,0.0,10.1,0.7,1.1,0.7,9.3
194,"Dalton KnechtLALSG, SF",,,21.6,3.9/9.2,0.422,2.0/2.4,0.821,1.6,3.8,1.6,1.0,0.5,11.3
195,Steven AdamsHouC,,,22.7,2.5/4.5,0.552,1.2/2.3,0.518,0.0,8.8,2.8,0.7,0.7,6.2
196,Duncan RobinsonMiaSF,,,29.3,4.6/10.4,0.438,1.2/1.3,0.89,2.9,2.7,2.7,0.7,0.2,13.2
197,GG JacksonMemPF,,,25.7,5.1/11.7,0.44,2.5/3.2,0.779,2.2,4.1,1.2,0.6,0.5,15.0
198,Kris DunnLACPG,,,19.7,2.5/5.2,0.477,0.5/0.7,0.733,0.6,3.0,4.1,1.1,0.4,6.1
200,T.J. McConnellIndPG,,,18.7,4.5/8.1,0.554,0.7/0.9,0.81,0.3,2.8,5.5,1.0,0.1,10.0
201,"Kentavious Caldwell-PopeOrlSG, SF",,,31.4,3.7/8.1,0.456,1.4/1.6,0.877,1.7,2.6,2.4,1.3,0.5,10.5
202,"Collin SextonUtahSG, PG",,,27.3,6.6/13.6,0.488,4.2/4.9,0.857,1.6,2.7,5.0,0.8,0.2,19.1
203,Bobby PortisMilPF,,,26.0,5.9/11.7,0.503,1.3/1.6,0.786,1.4,8.2,1.3,0.8,0.4,14.4
204,Payton PritchardBosPG,,,21.6,3.5/7.6,0.465,0.6/0.7,0.818,1.8,3.1,3.3,0.5,0.1,9.4
205,Jonathan KumingaGSPF,,,29.6,6.6/12.6,0.528,3.1/4.3,0.733,0.9,5.3,2.4,0.8,0.8,17.3
206,"Scotty Pippen Jr.MemPG, SG",,,21.3,4.0/8.2,0.49,1.7/2.3,0.734,1.2,2.7,3.9,1.5,0.4,10.9
207,Scoot HendersonOPorPG,,,31.8,6.2/15.3,0.404,3.4/4.1,0.826,1.7,3.5,6.1,0.9,0.2,17.4
208,"Malcolm BrogdonOWshPG, SG",,,31.9,6.4/13.9,0.458,3.1/3.6,0.85,2.2,4.8,5.3,0.8,0.3,18.0
209,"Bennedict MathurinIndSF, SG",,,30.3,5.8/13.1,0.445,3.9/4.7,0.824,1.5,4.6,2.2,0.7,0.4,17.1
210,"Shaedon SharpeOPorSG, SF",,,34.4,5.7/13.9,0.412,3.0/3.7,0.82,1.9,5.1,2.9,0.9,0.4,16.4
211,"Zaccharie RisacherAtlSF, PF",,,29.6,5.3/11.9,0.442,1.6/1.9,0.82,0.4,4.9,2.3,0.9,0.7,12.5
212,"Dorian Finney-SmithLALPF, SF",,,29.3,3.2/7.6,0.422,0.6/0.8,0.719,1.8,4.7,1.6,0.9,0.5,8.8
213,"Max StrusCleSF, SG",,,31.1,4.3/10.3,0.419,1.1/1.3,0.812,2.5,4.4,3.4,0.8,0.3,12.2
214,Goga BitadzeOrlC,,,14.9,2.0/3.5,0.584,0.9/1.4,0.653,0.1,4.4,1.2,0.5,1.1,5.1
215,Onyeka OkongwuAtlC,,,25.8,4.2/6.7,0.623,1.8/2.3,0.78,0.3,7.2,1.3,0.6,1.2,10.4
216,Cody MartinPhxSG,,,26.4,2.9/7.1,0.403,0.8/1.3,0.634,0.9,3.9,3.3,1.1,0.6,7.4
217,"Isaiah StewartODetC, PF",,,29.6,3.9/8.2,0.481,1.5/2.0,0.746,1.3,7.2,1.5,0.4,0.8,10.6
218,"Jordan ClarksonOUtahSG, SF",,,30.9,6.3/15.1,0.416,3.2/3.7,0.873,1.8,3.5,4.9,0.6,0.1,17.6
219,"Ben SimmonsLACPG, PF",,,25.2,3.0/5.3,0.569,0.5/1.2,0.426,0.0,7.0,5.9,1.1,0.6,6.6
220,"Rui HachimuraLALPF, SF",,,27.1,5.3/10.1,0.529,1.5/2.0,0.736,1.4,4.5,1.2,0.6,0.4,13.6
221,"Jaime Jaquez Jr.MiaSF, SG",,,32.0,5.9/12.0,0.493,2.7/3.3,0.824,1.3,4.3,3.0,1.2,0.6,15.8
222,Patrick WilliamsChiPF,,,30.6,4.2/9.3,0.446,1.3/1.7,0.795,1.5,4.3,1.7,1.0,0.9,11.2
223,"Kevin HuerterChiSG, SF",,,25.3,4.2/9.2,0.453,0.7/0.9,0.762,2.0,3.4,2.6,0.8,0.3,11.1
224,Jaden McDanielsMinSF,,,30.3,4.4/9.0,0.493,0.9/1.3,0.726,1.3,3.5,1.5,0.9,0.7,11.1
225,Grant WilliamsOChaPF,,,30.4,3.8/8.2,0.458,1.5/1.9,0.774,1.8,4.7,2.3,0.6,0.6,10.8
226,Yves MissiONOC,,,21.9,3.3/6.9,0.482,1.5/2.3,0.673,0.0,5.3,1.1,0.3,1.5,8.2
227,"De'Andre HunterDTDCleSF, PF",,,27.3,4.9/10.6,0.458,2.5/3.0,0.836,1.7,3.6,1.3,0.6,0.3,13.9
229,Wendell Carter Jr.OrlC,,,26.9,4.6/8.7,0.525,1.9/2.7,0.701,1.2,7.7,2.0,0.6,0.5,12.3
230,"Keldon JohnsonSASF, PF",,,29.8,5.8/12.8,0.454,2.6/3.3,0.788,1.9,5.5,2.8,0.7,0.4,16.1
231,"Brandin PodziemskiGSSG, PG",,,29.3,4.1/8.9,0.466,0.8/1.2,0.656,1.4,6.4,4.1,0.9,0.4,10.5
232,"Gradey DickOTorSG, SF",,,29.1,4.4/10.2,0.436,1.0/1.2,0.869,2.1,3.0,1.6,0.8,0.0,12.0
233,"Trayce Jackson-DavisGSPF, C",,,24.7,5.2/7.2,0.72,1.7/2.9,0.569,0.0,7.4,1.8,0.6,1.7,12.0
234,Jonathan IsaacOrlPF,,,15.6,2.5/4.9,0.505,1.0/1.4,0.718,0.7,4.5,0.5,0.8,1.2,6.7
235,"Vince Williams Jr.MemSG, PG",,,26.6,3.1/7.1,0.439,1.8/2.3,0.803,1.4,5.3,3.2,0.9,0.6,9.5
236,"Christian BraunDenSG, SF",,,22.0,2.9/6.2,0.468,1.1/1.6,0.68,0.8,3.9,1.6,0.6,0.4,7.7
238,Julian ChampagnieSASF,,,19.8,2.3/5.6,0.415,1.0/1.2,0.819,1.4,2.9,1.3,0.6,0.5,7.0
239,Malik BeasleyDetSG,,,23.7,3.5/8.2,0.426,0.4/0.5,0.725,2.4,3.0,1.2,0.6,0.1,9.7
240,Gary Trent Jr.MilSG,,,29.5,5.4/12.7,0.426,1.5/1.8,0.81,2.6,2.6,1.7,1.2,0.3,14.8
241,Cason WallaceOKCSG,,,20.7,2.6/5.4,0.483,0.4/0.5,0.789,1.2,2.3,1.5,0.9,0.5,6.8
242,"Matisse ThybullePorSF, SG",,,22.8,2.0/4.8,0.414,0.4/0.5,0.735,1.1,2.2,1.3,1.7,0.8,5.5
243,Andre DrummondOPhiC,,,19.5,3.8/6.7,0.564,1.7/3.0,0.579,0.0,10.1,0.7,1.1,0.7,9.3
244,"Dalton KnechtLALSG, SF",,,21.6,3.9/9.2,0.422,2.0/2.4,0.821,1.6,3.8,1.6,1.0,0.5,11.3
245,Steven AdamsHouC,,,22.7,2.5/4.5,0.552,1.2/2.3,0.518,0.0,8.8,2.8,0.7,0.7,6.2
246,Duncan RobinsonMiaSF,,,29.3,4.6/10.4,0.438,1.2/1.3,0.89,2.9,2.7,2.7,0.7,0.2,13.2
247,GG JacksonMemPF,,,25.7,5.1/11.7,0.44,2.5/3.2,0.779,2.2,4.1,1.2,0.6,0.5,15.0
248,Kris DunnLACPG,,,19.7,2.5/5.2,0.477,0.5/0.7,0.733,0.6,3.0,4.1,1.1,0.4,6.1
250,T.J. McConnellIndPG,,,18.7,4.5/8.1,0.554,0.7/0.9,0.81,0.3,2.8,5.5,1.0,0.1,10.0
251,"Kentavious Caldwell-PopeOrlSG, SF",,,31.4,3.7/8.1,0.456,1.4/1.6,0.877,1.7,2.6,2.4,1.3,0.5,10.5
252,"Collin SextonUtahSG, PG",,,27.3,6.6/13.6,0.488,4.2/4.9,0.857,1.6,2.7,5.0,0.8,0.2,19.1
253,Bobby PortisMilPF,,,26.0,5.9/11.7,0.503,1.3/1.6,0.786,1.4,8.2,1.3,0.8,0.4,14.4
254,Payton PritchardBosPG,,,21.6,3.5/7.6,0.465,0.6/0.7,0.818,1.8,3.1,3.3,0.5,0.1,9.4
255,Jonathan KumingaGSPF,,,29.6,6.6/12.6,0.528,3.1/4.3,0.733,0.9,5.3,2.4,0.8,0.8,17.3
256,"Scotty Pippen Jr.MemPG, SG",,,21.3,4.0/8.2,0.49,1.7/2.3,0.734,1.2,2.7,3.9,1.5,0.4,10.9
257,Scoot HendersonOPorPG,,,31.8,6.2/15.3,0.404,3.4/4.1,0.826,1.7,3.5,6.1,0.9,0.2,17.4
258,"Malcolm BrogdonOWshPG, SG",,,31.9,6.4/13.9,0.458,3.1/3.6,0.85,2.2,4.8,5.3,0.8,0.3,18.0
259,"Bennedict MathurinIndSF, SG",,,30.3,5.8/13.1,0.445,3.9/4.7,0.824,1.5,4.6,2.2,0.7,0.4,17.1
260,"Shaedon SharpeOPorSG, SF",,,34.4,5.7/13.9,0.412,3.0/3.7,0.82,1.9,5.1,2.9,0.9,0.4,16.4
261,"Zaccharie RisacherAtlSF, PF",,,29.6,5.3/11.9,0.442,1.6/1.9,0.82,0.4,4.9,2.3,0.9,0.7,12.5
262,"Dorian Finney-SmithLALPF, SF",,,29.3,3.2/7.6,0.422,0.6/0.8,0.719,1.8,4.7,1.6,0.9,0.5,8.8
263,"Max StrusCleSF, SG",,,31.1,4.3/10.3,0.419,1.1/1.3,0.812,2.5,4.4,3.4,0.8,0.3,12.2
264,Goga BitadzeOrlC,,,14.9,2.0/3.5,0.584,0.9/1.4,0.653,0.1,4.4,1.2,0.5,1.1,5.1
265,Onyeka OkongwuAtlC,,,25.8,4.2/6.7,0.623,1.8/2.3,0.78,0.3,7.2,1.3,0.6,1.2,10.4
266,Cody MartinPhxSG,,,26.4,2.9/7.1,0.403,0.8/1.3,0.634,0.9,3.9,3.3,1.1,0.6,7.4
267,"Isaiah StewartODetC, PF",,,29.6,3.9/8.2,0.481,1.5/2.0,0.746,1.3,7.2,1.5,0.4,0.8,10.6
268,"Jordan ClarksonOUtahSG, SF",,,30.9,6.3/15.1,0.416,3.2/3.7,0.873,1.8,3.5,4.9,0.6,0.1,17.6
269,"Ben SimmonsLACPG, PF",,,25.2,3.0/5.3,0.569,0.5/1.2,0.426,0.0,7.0,5.9,1.1,0.6,6.6
270,"Rui HachimuraLALPF, SF",,,27.1,5.3/10.1,0.529,1.5/2.0,0.736,1.4,4.5,1.2,0.6,0.4,13.6
271,"Jaime Jaquez Jr.MiaSF, SG",,,32.0,5.9/12.0,0.493,2.7/3.3,0.824,1.3,4.3,3.0,1.2,0.6,15.8
272,Patrick WilliamsChiPF,,,30.6,4.2/9.3,0.446,1.3/1.7,0.795,1.5,4.3,1.7,1.0,0.9,11.2
273,"Kevin HuerterChiSG, SF",,,25.3,4.2/9.2,0.453,0.7/0.9,0.762,2.0,3.4,2.6,0.8,0.3,11.1
274,Jaden McDanielsMinSF,,,30.3,4.4/9.0,0.493,0.9/1.3,0.726,1.3,3.5,1.5,0.9,0.7,11.1
275,Grant WilliamsOChaPF,,,30.4,3.8/8.2,0.458,1.5/1.9,0.774,1.8,4.7,2.3,0.6,0.6,10.8
276,Yves MissiONOC,,,21.9,3.3/6.9,0.482,1.5/2.3,0.673,0.0,5.3,1.1,0.3,1.5,8.2
277,"De'Andre HunterDTDCleSF, PF",,,27.3,4.9/10.6,0.458,2.5/3.0,0.836,1.7,3.6,1.3,0.6,0.3,13.9
279,Wendell Carter Jr.OrlC,,,26.9,4.6/8.7,0.525,1.9/2.7,0.701,1.2,7.7,2.0,0.6,0.5,12.3
280,"Keldon JohnsonSASF, PF",,,29.8,5.8/12.8,0.454,2.6/3.3,0.788,1.9,5.5,2.8,0.7,0.4,16.1
281,"Brandin PodziemskiGSSG, PG",,,29.3,4.1/8.9,0.466,0.8/1.2,0.656,1.4,6.4,4.1,0.9,0.4,10.5
282,"Gradey DickOTorSG, SF",,,29.1,4.4/10.2,0.436,1.0/1.2,0.869,2.1,3.0,1.6,0.8,0.0,12.0
283,"Trayce Jackson-DavisGSPF, C",,,24.7,5.2/7.2,0.72,1.7/2.9,0.569,0.0,7.4,1.8,0.6,1.7,12.0
284,Jonathan IsaacOrlPF,,,15.6,2.5/4.9,0.505,1.0/1.4,0.718,0.7,4.5,0.5,0.8,1.2,6.7
285,"Vince Williams Jr.MemSG, PG",,,26.6,3.1/7.1,0.439,1.8/2.3,0.803,1.4,5.3,3.2,0.9,0.6,9.5
286,"Christian BraunDenSG, SF",,,22.0,2.9/6.2,0.468,1.1/1.6,0.68,0.8,3.9,1.6,0.6,0.4,7.7
288,Julian ChampagnieSASF,,,19.8,2.3/5.6,0.415,1.0/1.2,0.819,1.4,2.9,1.3,0.6,0.5,7.0
289,Malik BeasleyDetSG,,,23.7,3.5/8.2,0.426,0.4/0.5,0.725,2.4,3.0,1.2,0.6,0.1,9.7
290,Gary Trent Jr.MilSG,,,29.5,5.4/12.7,0.426,1.5/1.8,0.81,2.6,2.6,1.7,1.2,0.3,14.8
291,Cason WallaceOKCSG,,,20.7,2.6/5.4,0.483,0.4/0.5,0.789,1.2,2.3,1.5,0.9,0.5,6.8
292,"Matisse ThybullePorSF, SG",,,22.8,2.0/4.8,0.414,0.4/0.5,0.735,1.1,2.2,1.3,1.7,0.8,5.5
293,Andre DrummondOPhiC,,,19.5,3.8/6.7,0.564,1.7/3.0,0.579,0.0,10.1,0.7,1.1,0.7,9.3
294,"Dalton KnechtLALSG, SF",,,21.6,3.9/9.2,0.422,2.0/2.4,0.821,1.6,3.8,1.6,1.0,0.5,11.3
295,Steven AdamsHouC,,,22.7,2.5/4.5,0.552,1.2/2.3,0.518,0.0,8.8,2.8,0.7,0.7,6.2
296,Duncan RobinsonMiaSF,,,29.3,4.6/10.4,0.438,1.2/1.3,0.89,2.9,2.7,2.7,0.7,0.2,13.2
297,GG JacksonMemPF,,,25.7,5.1/11.7,0.44,2.5/3.2,0.779,2.2,4.1,1.2,0.6,0.5,15.0
298,Kris DunnLACPG,,,19.7,2.5/5.2,0.477,0.5/0.7,0.733,0.6,3.0,4.1,1.1,0.4,6.1
300,T.J. McConnellIndPG,,,18.7,4.5/8.1,0.554,0.7/0.9,0.81,0.3,2.8,5.5,1.0,0.1,10.0
301,Tre JonesOChiPG,,,23.8,3.4/6.8,0.501,1.2/1.4,0.858,0.7,3.2,5.3,0.9,0.1,8.7
303,"Precious AchiuwaNYPF, C",,,17.8,2.6/5.4,0.489,0.8/1.3,0.637,0.3,5.3,1.0,0.5,0.7,6.5
307,Georges NiangAtlPF,,,21.8,3.3/7.4,0.447,0.6/0.7,0.86,1.9,3.1,1.2,0.4,0.2,9.1
308,"Eric GordonOPhiSG, SF",,,25.8,3.8/8.5,0.446,1.0/1.3,0.807,2.0,1.7,2.0,0.8,0.4,10.6
309,Trey LylesSacPF,,,19.1,2.8/6.2,0.459,1.6/2.0,0.786,1.2,4.5,1.1,0.3,0.4,8.4
310,Jarred VanderbiltLALPF,,,21.8,2.5/4.6,0.537,1.0/1.5,0.677,0.3,5.9,1.6,1.2,0.2,6.2
312,Julian StrawtherDenSF,,,13.9,2.5/5.6,0.441,0.6/0.8,0.7,1.3,1.5,1.2,0.4,0.2,6.8
314,Isaiah CollierOUtahPG,,,17.9,3.1/7.2,0.433,1.4/1.9,0.744,0.7,2.3,3.4,1.0,0.3,8.3
315,Simone FontecchioDetSF,,,22.3,3.4/7.7,0.443,0.8/1.0,0.812,1.8,3.2,1.3,0.6,0.3,9.4
316,Cody WilliamsOUtahSG,,,23.8,4.5/9.3,0.479,1.9/2.2,0.877,1.3,2.7,2.1,0.4,0.8,12.1
317,Noah ClowneyOBknPF,,,16.1,2.1/4.0,0.537,0.9/1.3,0.705,0.5,3.5,0.8,0.3,0.7,5.7
318,Brice SensabaughUtahSF,,,18.9,2.8/7.1,0.391,1.2/1.3,0.908,1.2,3.3,1.8,0.4,0.2,7.9
319,"Torrey CraigBosPF, SF",,,21.2,2.3/5.3,0.443,0.4/0.6,0.756,1.2,4.4,1.2,0.6,0.5,6.3
320,Jarace WalkerIndPF,,,10.3,1.4/3.3,0.417,0.3/0.3,0.9,0.6,1.9,1.2,0.5,0.3,3.6
321,Dariq WhiteheadBknSF,,,12.0,0.5/2.5,0.203,0.5/1.0,0.509,0.0,2.0,1.5,0.0,0.5,1.5
322,Dante ExumDalSG,,,19.8,2.9/5.5,0.532,0.9/1.2,0.775,1.0,2.7,2.9,0.4,0.1,7.8
323,Drew EubanksLACC,,,17.6,2.6/4.2,0.613,1.1/1.5,0.735,0.1,4.9,1.1,0.4,0.9,6.3
324,Jordan HawkinsONOSG,,,17.3,2.8/6.8,0.407,1.0/1.2,0.843,1.6,2.2,1.0,0.3,0.1,8.2
326,"Saddiq BeyOWshSF, PF",,,27.0,4.2/10.3,0.411,2.3/2.7,0.842,1.8,4.8,1.7,0.8,0.2,12.6
327,"Delon WrightNYPG, SG",,,18.0,1.8/4.3,0.423,0.8/1.0,0.833,0.6,2.3,2.8,1.3,0.3,5.0
329,Amir CoffeyLACSG,,,19.8,2.3/4.9,0.462,0.9/1.1,0.842,0.9,2.0,1.2,0.5,0.2,6.4
330,Marcus SasserDetPG,,,19.0,3.1/7.2,0.433,0.8/0.9,0.879,1.3,1.8,3.3,0.6,0.2,8.3
331,Kris MurrayPorPF,,,22.3,2.4/6.1,0.389,0.6/0.9,0.667,0.8,3.7,1.3,0.9,0.3,6.1
332,"Josh OkogieChaSF, SG",,,16.2,1.6/3.9,0.409,1.4/1.9,0.736,0.6,2.7,1.1,0.8,0.4,5.2
333,Gary Payton IIDTDGSSG,,,16.1,2.4/4.2,0.577,0.4/0.6,0.622,0.5,2.8,1.1,1.0,0.4,5.7
335,Reggie JacksonFAPG,,,22.1,4.0/9.4,0.421,1.0/1.2,0.832,1.3,2.0,3.6,0.5,0.1,10.2
337,Mouhamed GueyeAtlPF,,,12.2,1.3/3.8,0.349,0.8/1.0,0.838,0.5,3.7,0.7,0.8,0.7,4.0
338,Kenrich WilliamsOKCSF,,,16.8,2.3/4.7,0.48,0.2/0.4,0.5,0.9,3.5,1.5,0.6,0.2,5.6
339,Monte MorrisPhxPG,,,20.8,3.0/6.7,0.452,0.7/0.9,0.797,1.1,2.4,3.4,0.6,0.2,7.9
340,Jaxson HayesLALC,,,16.6,2.4/3.5,0.686,1.1/1.7,0.65,0.0,3.9,0.6,0.6,0.6,5.9
341,"Marvin Bagley IIIMemPF, C",,,22.6,4.8/8.8,0.542,1.8/2.4,0.732,0.3,6.5,0.9,0.4,0.6,11.6
345,Jae'Sean TateOHouSF,,,17.9,2.3/4.7,0.481,0.7/1.0,0.696,0.4,3.4,1.4,0.7,0.3,5.6
346,"Xavier TillmanBosPF, C",,,17.9,2.4/5.0,0.475,0.6/1.1,0.5,0.3,4.1,1.4,0.9,0.7,5.6
348,Maxi KleberLALPF,,,21.7,1.7/4.0,0.429,0.8/1.1,0.71,0.9,3.7,1.5,0.4,0.8,5.1
349,Alex LenLALC,,,10.7,1.3/2.4,0.558,0.6/1.0,0.641,0.0,3.0,1.0,0.2,0.6,3.4
350,Aaron HolidayHouPG,,,15.8,2.2/5.0,0.443,0.7/0.8,0.915,1.0,1.5,1.8,0.6,0.1,6.1
351,Tre JonesOChiPG,,,23.8,3.4/6.8,0.501,1.2/1.4,0.858,0.7,3.2,5.3,0.9,0.1,8.7
353,"Precious AchiuwaNYPF, C",,,17.8,2.6/5.4,0.489,0.8/1.3,0.637,0.3,5.3,1.0,0.5,0.7,6.5
357,Georges NiangAtlPF,,,21.8,3.3/7.4,0.447,0.6/0.7,0.86,1.9,3.1,1.2,0.4,0.2,9.1
358,"Eric GordonOPhiSG, SF",,,25.8,3.8/8.5,0.446,1.0/1.3,0.807,2.0,1.7,2.0,0.8,0.4,10.6
359,Trey LylesSacPF,,,19.1,2.8/6.2,0.459,1.6/2.0,0.786,1.2,4.5,1.1,0.3,0.4,8.4
360,Jarred VanderbiltLALPF,,,21.8,2.5/4.6,0.537,1.0/1.5,0.677,0.3,5.9,1.6,1.2,0.2,6.2
362,Julian StrawtherDenSF,,,13.9,2.5/5.6,0.441,0.6/0.8,0.7,1.3,1.5,1.2,0.4,0.2,6.8
364,Isaiah CollierOUtahPG,,,17.9,3.1/7.2,0.433,1.4/1.9,0.744,0.7,2.3,3.4,1.0,0.3,8.3
365,Simone FontecchioDetSF,,,22.3,3.4/7.7,0.443,0.8/1.0,0.812,1.8,3.2,1.3,0.6,0.3,9.4
366,Cody WilliamsOUtahSG,,,23.8,4.5/9.3,0.479,1.9/2.2,0.877,1.3,2.7,2.1,0.4,0.8,12.1
367,Noah ClowneyOBknPF,,,16.1,2.1/4.0,0.537,0.9/1.3,0.705,0.5,3.5,0.8,0.3,0.7,5.7
368,Brice SensabaughUtahSF,,,18.9,2.8/7.1,0.391,1.2/1.3,0.908,1.2,3.3,1.8,0.4,0.2,7.9
369,"Torrey CraigBosPF, SF",,,21.2,2.3/5.3,0.443,0.4/0.6,0.756,1.2,4.4,1.2,0.6,0.5,6.3
370,Jarace WalkerIndPF,,,10.3,1.4/3.3,0.417,0.3/0.3,0.9,0.6,1.9,1.2,0.5,0.3,3.6
371,Dariq WhiteheadBknSF,,,12.0,0.5/2.5,0.203,0.5/1.0,0.509,0.0,2.0,1.5,0.0,0.5,1.5
372,Dante ExumDalSG,,,19.8,2.9/5.5,0.532,0.9/1.2,0.775,1.0,2.7,2.9,0.4,0.1,7.8
373,Drew EubanksLACC,,,17.6,2.6/4.2,0.613,1.1/1.5,0.735,0.1,4.9,1.1,0.4,0.9,6.3
374,Jordan HawkinsONOSG,,,17.3,2.8/6.8,0.407,1.0/1.2,0.843,1.6,2.2,1.0,0.3,0.1,8.2
376,"Saddiq BeyOWshSF, PF",,,27.0,4.2/10.3,0.411,2.3/2.7,0.842,1.8,4.8,1.7,0.8,0.2,12.6
377,"Delon WrightNYPG, SG",,,18.0,1.8/4.3,0.423,0.8/1.0,0.833,0.6,2.3,2.8,1.3,0.3,5.0
379,Amir CoffeyLACSG,,,19.8,2.3/4.9,0.462,0.9/1.1,0.842,0.9,2.0,1.2,0.5,0.2,6.4
380,Marcus SasserDetPG,,,19.0,3.1/7.2,0.433,0.8/0.9,0.879,1.3,1.8,3.3,0.6,0.2,8.3
381,Kris MurrayPorPF,,,22.3,2.4/6.1,0.389,0.6/0.9,0.667,0.8,3.7,1.3,0.9,0.3,6.1
382,"Josh OkogieChaSF, SG",,,16.2,1.6/3.9,0.409,1.4/1.9,0.736,0.6,2.7,1.1,0.8,0.4,5.2
383,Gary Payton IIDTDGSSG,,,16.1,2.4/4.2,0.577,0.4/0.6,0.622,0.5,2.8,1.1,1.0,0.4,5.7
385,Reggie JacksonFAPG,,,22.1,4.0/9.4,0.421,1.0/1.2,0.832,1.3,2.0,3.6,0.5,0.1,10.2
387,Mouhamed GueyeAtlPF,,,12.2,1.3/3.8,0.349,0.8/1.0,0.838,0.5,3.7,0.7,0.8,0.7,4.0
388,Kenrich WilliamsOKCSF,,,16.8,2.3/4.7,0.48,0.2/0.4,0.5,0.9,3.5,1.5,0.6,0.2,5.6
389,Monte MorrisPhxPG,,,20.8,3.0/6.7,0.452,0.7/0.9,0.797,1.1,2.4,3.4,0.6,0.2,7.9
390,Jaxson HayesLALC,,,16.6,2.4/3.5,0.686,1.1/1.7,0.65,0.0,3.9,0.6,0.6,0.6,5.9
391,"Marvin Bagley IIIMemPF, C",,,22.6,4.8/8.8,0.542,1.8/2.4,0.732,0.3,6.5,0.9,0.4,0.6,11.6
395,Jae'Sean TateOHouSF,,,17.9,2.3/4.7,0.481,0.7/1.0,0.696,0.4,3.4,1.4,0.7,0.3,5.6
396,"Xavier TillmanBosPF, C",,,17.9,2.4/5.0,0.475,0.6/1.1,0.5,0.3,4.1,1.4,0.9,0.7,5.6
398,Maxi KleberLALPF,,,21.7,1.7/4.0,0.429,0.8/1.1,0.71,0.9,3.7,1.5,0.4,0.8,5.1
399,Alex LenLALC,,,10.7,1.3/2.4,0.558,0.6/1.0,0.641,0.0,3.0,1.0,0.2,0.6,3.4
400,Aaron HolidayHouPG,,,15.8,2.2/5.0,0.443,0.7/0.8,0.915,1.0,1.5,1.8,0.6,0.1,6.1
401,"Jeremiah Robinson-EarlNOPF, C",,,12.4,1.6/3.6,0.449,0.5/0.6,0.763,0.5,2.9,0.7,0.4,0.2,4.2
402,Terrence Shannon Jr.MinSG,,,11.1,2.2/4.8,0.45,1.1/1.4,0.814,0.6,2.7,0.4,0.6,0.4,6.0
403,Garrett TempleOTorSG,,,13.8,1.4/3.7,0.377,0.4/0.6,0.725,0.7,1.8,1.0,0.6,0.2,3.9
404,Max ChristieDalSG,,,13.8,1.4/3.4,0.424,0.5/0.6,0.78,0.6,2.1,0.8,0.3,0.2,4.0
405,Shake MiltonLALSG,,,15.5,2.2/5.1,0.435,1.0/1.2,0.831,0.5,1.9,1.9,0.4,0.2,5.9
407,Jalen WilsonBknPF,,,15.5,1.8/4.2,0.423,0.9/1.1,0.827,0.5,3.1,1.0,0.3,0.1,5.0
410,"P.J. TuckerNYPF, SF",,,21.1,1.2/2.8,0.43,0.3/0.3,0.842,0.6,3.6,0.9,0.6,0.2,3.3
412,"Jalen PickettDenSG, PG",,,6.1,0.8/1.8,0.438,0.1/0.2,0.75,0.5,0.7,1.1,0.2,0.0,2.2
414,Ben SheppardIndSG,,,14.3,1.6/4.0,0.405,0.5/0.5,0.889,0.9,1.6,0.9,0.6,0.0,4.6
416,"Andre Jackson Jr.MilSG, SF",,,10.1,0.8/1.8,0.455,0.1/0.2,0.769,0.3,2.0,0.9,0.3,0.1,2.1
418,PJ DozierFAPG,,,10.0,1.1/3.3,0.336,0.2/0.3,0.714,0.4,1.8,1.0,0.5,0.2,2.8
419,Caleb HoustanOrlSF,,,14.2,1.3/3.5,0.382,0.3/0.4,0.815,1.2,1.5,0.5,0.3,0.1,4.2
420,Jalen Hood-SchifinoFASG,,,11.3,2.0/4.7,0.425,1.5/2.1,0.695,0.5,1.3,0.8,0.3,0.2,6.0
421,Kobe BrownLACPF,,,8.9,0.9/2.0,0.43,0.0/0.0,0.659,0.4,1.4,0.6,0.3,0.1,2.1
422,Maxwell LewisBknSF,,,8.3,0.7/1.7,0.422,0.1/0.2,0.692,0.2,0.3,0.5,0.2,0.1,1.8
423,Hunter TysonDenSF,,,6.2,1.1/2.6,0.404,0.0/0.0,0.0,0.5,1.2,0.3,0.1,0.0,2.6
424,Jordan WalshBosSF,,,9.2,0.7/1.7,0.402,0.1/0.2,0.5,0.2,2.2,0.6,0.6,0.1,1.7
426,Colby JonesWshSG,,,6.9,1.0/2.6,0.396,0.2/0.4,0.56,0.1,1.5,0.7,0.3,0.2,2.4
428,"Jett HowardOrlSF, SG",,,3.6,0.6/1.7,0.33,0.1/0.2,0.538,0.4,0.4,0.3,0.1,0.1,1.6
429,Leonard MillerMinSF,,,3.2,0.6/1.2,0.479,0.1/0.1,0.667,0.1,1.2,0.5,0.1,0.1,1.3
430,Chris LivingstonMilSF,,,4.3,0.5/1.1,0.464,0.2/0.2,0.769,0.1,1.0,0.2,0.1,0.0,1.2
432,Seth LundyOLACSG,,,5.8,0.4/1.9,0.236,0.3/0.4,0.741,0.3,0.8,0.0,0.0,0.0,1.5
433,Jordan MillerLACSF,,,3.5,0.5/1.1,0.464,0.2/0.3,0.8,0.1,0.6,0.0,0.0,0.0,1.4
435,Rudy GayGSPF,,,18.0,2.7/6.5,0.408,1.0/1.3,0.792,1.1,4.1,1.0,0.4,0.3,7.5
439,Cory JosephOrlPG,,,18.1,2.0/4.7,0.421,0.8/1.0,0.814,0.9,1.7,2.9,0.4,0.2,5.7
446,JaMychal GreenGSPF,,,15.8,2.4/4.8,0.494,1.1/1.3,0.847,0.5,4.1,0.9,0.6,0.4,6.4
448,Doug McDermottSacSF,,,17.3,2.8/6.2,0.448,0.4/0.6,0.73,1.7,1.5,1.2,0.2,0.1,7.7
451,"Jeremiah Robinson-EarlNOPF, C",,,12.4,1.6/3.6,0.449,0.5/0.6,0.763,0.5,2.9,0.7,0.4,0.2,4.2
452,Terrence Shannon Jr.MinSG,,,11.1,2.2/4.8,0.45,1.1/1.4,0.814,0.6,2.7,0.4,0.6,0.4,6.0
453,Garrett TempleOTorSG,,,13.8,1.4/3.7,0.377,0.4/0.6,0.725,0.7,1.8,1.0,0.6,0.2,3.9
454,Max ChristieDalSG,,,13.8,1.4/3.4,0.424,0.5/0.6,0.78,0.6,2.1,0.8,0.3,0.2,4.0
455,Shake MiltonLALSG,,,15.5,2.2/5.1,0.435,1.0/1.2,0.831,0.5,1.9,1.9,0.4,0.2,5.9
457,Jalen WilsonBknPF,,,15.5,1.8/4.2,0.423,0.9/1.1,0.827,0.5,3.1,1.0,0.3,0.1,5.0
460,"P.J. TuckerNYPF, SF",,,21.1,1.2/2.8,0.43,0.3/0.3,0.842,0.6,3.6,0.9,0.6,0.2,3.3
462,"Jalen PickettDenSG, PG",,,6.1,0.8/1.8,0.438,0.1/0.2,0.75,0.5,0.7,1.1,0.2,0.0,2.2
464,Ben SheppardIndSG,,,14.3,1.6/4.0,0.405,0.5/0.5,0.889,0.9,1.6,0.9,0.6,0.0,4.6
466,"Andre Jackson Jr.MilSG, SF",,,10.1,0.8/1.8,0.455,0.1/0.2,0.769,0.3,2.0,0.9,0.3,0.1,2.1
468,PJ DozierFAPG,,,10.0,1.1/3.3,0.336,0.2/0.3,0.714,0.4,1.8,1.0,0.5,0.2,2.8
469,Caleb HoustanOrlSF,,,14.2,1.3/3.5,0.382,0.3/0.4,0.815,1.2,1.5,0.5,0.3,0.1,4.2
470,Jalen Hood-SchifinoFASG,,,11.3,2.0/4.7,0.425,1.5/2.1,0.695,0.5,1.3,0.8,0.3,0.2,6.0
471,Kobe BrownLACPF,,,8.9,0.9/2.0,0.43,0.0/0.0,0.659,0.4,1.4,0.6,0.3,0.1,2.1
472,Maxwell LewisBknSF,,,8.3,0.7/1.7,0.422,0.1/0.2,0.692,0.2,0.3,0.5,0.2,0.1,1.8
473,Hunter TysonDenSF,,,6.2,1.1/2.6,0.404,0.0/0.0,0.0,0.5,1.2,0.3,0.1,0.0,2.6
474,Jordan WalshBosSF,,,9.2,0.7/1.7,0.402,0.1/0.2,0.5,0.2,2.2,0.6,0.6,0.1,1.7
476,Colby JonesWshSG,,,6.9,1.0/2.6,0.396,0.2/0.4,0.56,0.1,1.5,0.7,0.3,0.2,2.4
478,"Jett HowardOrlSF, SG",,,3.6,0.6/1.7,0.33,0.1/0.2,0.538,0.4,0.4,0.3,0.1,0.1,1.6
479,Leonard MillerMinSF,,,3.2,0.6/1.2,0.479,0.1/0.1,0.667,0.1,1.2,0.5,0.1,0.1,1.3
480,Chris LivingstonMilSF,,,4.3,0.5/1.1,0.464,0.2/0.2,0.769,0.1,1.0,0.2,0.1,0.0,1.2
482,Seth LundyOLACSG,,,5.8,0.4/1.9,0.236,0.3/0.4,0.741,0.3,0.8,0.0,0.0,0.0,1.5
483,Jordan MillerLACSF,,,3.5,0.5/1.1,0.464,0.2/0.3,0.8,0.1,0.6,0.0,0.0,0.0,1.4
485,Rudy GayGSPF,,,18.0,2.7/6.5,0.408,1.0/1.3,0.792,1.1,4.1,1.0,0.4,0.3,7.5
489,Cory JosephOrlPG,,,18.1,2.0/4.7,0.421,0.8/1.0,0.814,0.9,1.7,2.9,0.4,0.2,5.7
496,JaMychal GreenGSPF,,,15.8,2.4/4.8,0.494,1.1/1.3,0.847,0.5,4.1,0.9,0.6,0.4,6.4
498,Doug McDermottSacSF,,,17.3,2.8/6.2,0.448,0.4/0.6,0.73,1.7,1.5,1.2,0.2,0.1,7.7
501,"Jeremiah Robinson-EarlNOPF, C",,,12.4,1.6/3.6,0.449,0.5/0.6,0.763,0.5,2.9,0.7,0.4,0.2,4.2
502,Terrence Shannon Jr.MinSG,,,11.1,2.2/4.8,0.45,1.1/1.4,0.814,0.6,2.7,0.4,0.6,0.4,6.0
503,Garrett TempleOTorSG,,,13.8,1.4/3.7,0.377,0.4/0.6,0.725,0.7,1.8,1.0,0.6,0.2,3.9
504,Max ChristieDalSG,,,13.8,1.4/3.4,0.424,0.5/0.6,0.78,0.6,2.1,0.8,0.3,0.2,4.0
505,Shake MiltonLALSG,,,15.5,2.2/5.1,0.435,1.0/1.2,0.831,0.5,1.9,1.9,0.4,0.2,5.9
507,Jalen WilsonBknPF,,,15.5,1.8/4.2,0.423,0.9/1.1,0.827,0.5,3.1,1.0,0.3,0.1,5.0
510,"P.J. TuckerNYPF, SF",,,21.1,1.2/2.8,0.43,0.3/0.3,0.842,0.6,3.6,0.9,0.6,0.2,3.3
512,"Jalen PickettDenSG, PG",,,6.1,0.8/1.8,0.438,0.1/0.2,0.75,0.5,0.7,1.1,0.2,0.0,2.2
514,Ben SheppardIndSG,,,14.3,1.6/4.0,0.405,0.5/0.5,0.889,0.9,1.6,0.9,0.6,0.0,4.6
516,"Andre Jackson Jr.MilSG, SF",,,10.1,0.8/1.8,0.455,0.1/0.2,0.769,0.3,2.0,0.9,0.3,0.1,2.1
518,PJ DozierFAPG,,,10.0,1.1/3.3,0.336,0.2/0.3,0.714,0.4,1.8,1.0,0.5,0.2,2.8
519,Caleb HoustanOrlSF,,,14.2,1.3/3.5,0.382,0.3/0.4,0.815,1.2,1.5,0.5,0.3,0.1,4.2
520,Jalen Hood-SchifinoFASG,,,11.3,2.0/4.7,0.425,1.5/2.1,0.695,0.5,1.3,0.8,0.3,0.2,6.0
521,Kobe BrownLACPF,,,8.9,0.9/2.0,0.43,0.0/0.0,0.659,0.4,1.4,0.6,0.3,0.1,2.1
522,Maxwell LewisBknSF,,,8.3,0.7/1.7,0.422,0.1/0.2,0.692,0.2,0.3,0.5,0.2,0.1,1.8
523,Hunter TysonDenSF,,,6.2,1.1/2.6,0.404,0.0/0.0,0.0,0.5,1.2,0.3,0.1,0.0,2.6
524,Jordan WalshBosSF,,,9.2,0.7/1.7,0.402,0.1/0.2,0.5,0.2,2.2,0.6,0.6,0.1,1.7
526,Colby JonesWshSG,,,6.9,1.0/2.6,0.396,0.2/0.4,0.56,0.1,1.5,0.7,0.3,0.2,2.4
528,"Jett HowardOrlSF, SG",,,3.6,0.6/1.7,0.33,0.1/0.2,0.538,0.4,0.4,0.3,0.1,0.1,1.6
529,Leonard MillerMinSF,,,3.2,0.6/1.2,0.479,0.1/0.1,0.667,0.1,1.2,0.5,0.1,0.1,1.3
530,Chris LivingstonMilSF,,,4.3,0.5/1.1,0.464,0.2/0.2,0.769,0.1,1.0,0.2,0.1,0.0,1.2
532,Seth LundyOLACSG,,,5.8,0.4/1.9,0.236,0.3/0.4,0.741,0.3,0.8,0.0,0.0,0.0,1.5
533,Jordan MillerLACSF,,,3.5,0.5/1.1,0.464,0.2/0.3,0.8,0.1,0.6,0.0,0.0,0.0,1.4
535,Rudy GayGSPF,,,18.0,2.7/6.5,0.408,1.0/1.3,0.792,1.1,4.1,1.0,0.4,0.3,7.5
539,Cory JosephOrlPG,,,18.1,2.0/4.7,0.421,0.8/1.0,0.814,0.9,1.7,2.9,0.4,0.2,5.7
546,JaMychal GreenGSPF,,,15.8,2.4/4.8,0.494,1.1/1.3,0.847,0.5,4.1,0.9,0.6,0.4,6.4
548,Doug McDermottSacSF,,,17.3,2.8/6.2,0.448,0.4/0.6,0.73,1.7,1.5,1.2,0.2,0.1,7.7
